{"COL":0,"MESH":0,"col":[1.0,1.0,1.0,0.0],"friction":0.95,"name":"None","strength":1.0,"type":0}
{"COL":1,"MESH":0,"col":[0.0,0.75,0.0,0.6000000238418579],"friction":0.9,"name":"Slime","strength":0.5,"type":1}
{"COL":1,"MESH":25,"col":[0.0,0.75,0.0,0.6000000238418579],"friction":0.9,"name":"Slime","strength":0.5,"type":1}
{"COL":1,"MESH":0,"col":[0.20000000298023224,0.5,1.0,0.5],"friction":0.925,"name":"Water","strength":0.5,"type":1}
{"COL":1,"MESH":24,"col":[0.20000000298023224,0.5,1.0,0.5],"friction":0.925,"name":"Water","strength":0.5,"type":1}
{"COL":3,"MESH":0,"col":[1.0,0.5,0.0,1.0],"friction":0.9,"name":"Lava","strength":0.5,"type":3}
{"COL":3,"MESH":24,"col":[1.0,0.5,0.0,1.0],"friction":0.9,"name":"Lava","strength":0.5,"type":3}
{"COL":3,"MESH":0,"col":[1.0,0.8500000238418579,0.6000000238418579,1.0],"friction":0.9,"name":"QuickSand","strength":0.5,"type":3}
{"COL":3,"MESH":24,"col":[1.0,0.8500000238418579,0.6000000238418579,1.0],"friction":0.9,"name":"QuickSand","strength":0.5,"type":3}
{"COL":3,"MESH":0,"col":[1.0,0.800000011920929,0.5,1.0],"friction":0.925,"name":"Red Sand","strength":0.4000000059604645,"type":3}
{"COL":3,"MESH":0,"col":[1.0,0.8500000238418579,0.6000000238418579,1.0],"friction":0.925,"name":"Sand","strength":0.4000000059604645,"type":3}
{"COL":3,"MESH":0,"col":[0.20000000298023224,0.20000000298023224,0.20000000298023224,1.0],"friction":0.9125,"name":"Gravel","strength":0.6000000238418579,"type":3}
{"COL":3,"MESH":0,"col":[0.25,0.25,0.25,1.0],"friction":0.550000011920929,"name":"Coarse Gravel","strength":0.9,"type":3}
{"COL":3,"MESH":0,"col":[0.10000000149011612,0.10000000149011612,0.10000000149011612,1.0],"friction":0.9,"name":"Charcoal","strength":0.5,"type":3}
{"COL":3,"MESH":0,"col":[0.8999999761581421,0.8999999761581421,1.0,1.0],"friction":0.9,"name":"Snow","strength":0.4000000059604645,"type":3}
{"COL":6,"MESH":0,"col":[0.4000000059604645,0.800000011920929,1.0,0.4000000059604645],"friction":0.995,"name":"Ice","strength":0.800000011920929,"type":4}
{"COL":3,"MESH":0,"col":[0.10000000149011612,0.05000000074505806,0.05000000074505806,1.0],"friction":0.95,"name":"Obsidian","strength":1.5,"type":3}
{"COL":3,"MESH":0,"col":[0.25,0.15000000596046448,0.15000000596046448,1.0],"friction":0.975,"name":"Volcanic Rock","strength":1.2000000476837158,"type":3}
{"COL":3,"MESH":0,"col":[1.0,0.8999999761581421,0.6000000238418579,1.0],"friction":0.975,"name":"Sandstone","strength":1.0,"type":3}
{"COL":5,"MESH":1,"col":[1.0,0.8999999761581421,0.6000000238418579,1.0],"friction":0.975,"name":"Sandstone Pillar","strength":1.0,"type":5}
{"COL":5,"MESH":2,"col":[1.0,0.8999999761581421,0.6000000238418579,1.0],"friction":0.975,"name":"Sandstone Pillar","strength":1.0,"type":5}
{"COL":5,"MESH":3,"col":[1.0,0.8999999761581421,0.6000000238418579,1.0],"friction":0.975,"name":"Sandstone Pillar","strength":1.0,"type":5}
{"COL":5,"MESH":5,"col":[1.0,0.8999999761581421,0.6000000238418579,1.0],"friction":0.975,"name":"Sandstone Tile","strength":1.0,"type":5}
{"COL":5,"MESH":4,"col":[1.0,0.8999999761581421,0.6000000238418579,1.0],"friction":0.975,"name":"Sandstone Tile","strength":1.0,"type":5}
{"COL":5,"MESH":6,"col":[1.0,0.8999999761581421,0.6000000238418579,1.0],"friction":0.975,"name":"Sandstone Tile","strength":1.0,"type":5}
{"COL":5,"MESH":7,"col":[1.0,0.8999999761581421,0.6000000238418579,1.0],"friction":0.975,"name":"Sandstone Tile","strength":1.0,"type":5}
{"COL":5,"MESH":8,"col":[1.0,0.8999999761581421,0.6000000238418579,1.0],"friction":0.975,"name":"Sandstone Tile","strength":1.0,"type":5}
{"COL":5,"MESH":9,"col":[1.0,0.8999999761581421,0.6000000238418579,1.0],"friction":0.975,"name":"Sandstone Tile","strength":1.0,"type":5}
{"COL":5,"MESH":11,"col":[1.0,0.8999999761581421,0.6000000238418579,1.0],"friction":0.975,"name":"Sandstone Slab","strength":1.0,"type":5}
{"COL":5,"MESH":10,"col":[1.0,0.8999999761581421,0.6000000238418579,1.0],"friction":0.975,"name":"Sandstone Slab","strength":1.0,"type":5}
{"COL":5,"MESH":12,"col":[1.0,0.8999999761581421,0.6000000238418579,1.0],"friction":0.975,"name":"Sandstone Slab","strength":1.0,"type":5}
{"COL":5,"MESH":13,"col":[1.0,0.8999999761581421,0.6000000238418579,1.0],"friction":0.975,"name":"Sandstone Slab","strength":1.0,"type":5}
{"COL":5,"MESH":14,"col":[1.0,0.8999999761581421,0.6000000238418579,1.0],"friction":0.975,"name":"Sandstone Slab","strength":1.0,"type":5}
{"COL":5,"MESH":15,"col":[1.0,0.8999999761581421,0.6000000238418579,1.0],"friction":0.975,"name":"Sandstone Slab","strength":1.0,"type":5}
{"COL":5,"MESH":16,"col":[1.0,0.8999999761581421,0.6000000238418579,1.0],"friction":0.975,"name":"Sandstone Stair","strength":1.0,"type":5}
{"COL":5,"MESH":17,"col":[1.0,0.8999999761581421,0.6000000238418579,1.0],"friction":0.975,"name":"Sandstone Stair","strength":1.0,"type":5}
{"COL":5,"MESH":18,"col":[1.0,0.8999999761581421,0.6000000238418579,1.0],"friction":0.975,"name":"Sandstone Stair","strength":1.0,"type":5}
{"COL":5,"MESH":19,"col":[1.0,0.8999999761581421,0.6000000238418579,1.0],"friction":0.975,"name":"Sandstone Stair","strength":1.0,"type":5}
{"COL":5,"MESH":20,"col":[1.0,0.8999999761581421,0.6000000238418579,1.0],"friction":0.975,"name":"Sandstone Stair","strength":1.0,"type":5}
{"COL":5,"MESH":21,"col":[1.0,0.8999999761581421,0.6000000238418579,1.0],"friction":0.975,"name":"Sandstone Stair","strength":1.0,"type":5}
{"COL":5,"MESH":22,"col":[1.0,0.8999999761581421,0.6000000238418579,1.0],"friction":0.975,"name":"Sandstone Stair","strength":1.0,"type":5}
{"COL":5,"MESH":23,"col":[1.0,0.8999999761581421,0.6000000238418579,1.0],"friction":0.975,"name":"Sandstone Stair","strength":1.0,"type":5}
{"COL":3,"MESH":0,"col":[1.0,0.8999999761581421,0.6000000238418579,1.0],"friction":0.975,"name":"Limestone","strength":1.0,"type":3}
{"COL":5,"MESH":1,"col":[1.0,0.8999999761581421,0.6000000238418579,1.0],"friction":0.975,"name":"Limestone Pillar","strength":1.0,"type":5}
{"COL":5,"MESH":2,"col":[1.0,0.8999999761581421,0.6000000238418579,1.0],"friction":0.975,"name":"Limestone Pillar","strength":1.0,"type":5}
{"COL":5,"MESH":3,"col":[1.0,0.8999999761581421,0.6000000238418579,1.0],"friction":0.975,"name":"Limestone Pillar","strength":1.0,"type":5}
{"COL":5,"MESH":5,"col":[1.0,0.8999999761581421,0.6000000238418579,1.0],"friction":0.975,"name":"Limestone Tile","strength":1.0,"type":5}
{"COL":5,"MESH":4,"col":[1.0,0.8999999761581421,0.6000000238418579,1.0],"friction":0.975,"name":"Limestone Tile","strength":1.0,"type":5}
{"COL":5,"MESH":6,"col":[1.0,0.8999999761581421,0.6000000238418579,1.0],"friction":0.975,"name":"Limestone Tile","strength":1.0,"type":5}
{"COL":5,"MESH":7,"col":[1.0,0.8999999761581421,0.6000000238418579,1.0],"friction":0.975,"name":"Limestone Tile","strength":1.0,"type":5}
{"COL":5,"MESH":8,"col":[1.0,0.8999999761581421,0.6000000238418579,1.0],"friction":0.975,"name":"Limestone Tile","strength":1.0,"type":5}
{"COL":5,"MESH":9,"col":[1.0,0.8999999761581421,0.6000000238418579,1.0],"friction":0.975,"name":"Limestone Tile","strength":1.0,"type":5}
{"COL":5,"MESH":11,"col":[1.0,0.8999999761581421,0.6000000238418579,1.0],"friction":0.975,"name":"Limestone Slab","strength":1.0,"type":5}
{"COL":5,"MESH":10,"col":[1.0,0.8999999761581421,0.6000000238418579,1.0],"friction":0.975,"name":"Limestone Slab","strength":1.0,"type":5}
{"COL":5,"MESH":12,"col":[1.0,0.8999999761581421,0.6000000238418579,1.0],"friction":0.975,"name":"Limestone Slab","strength":1.0,"type":5}
{"COL":5,"MESH":13,"col":[1.0,0.8999999761581421,0.6000000238418579,1.0],"friction":0.975,"name":"Limestone Slab","strength":1.0,"type":5}
{"COL":5,"MESH":14,"col":[1.0,0.8999999761581421,0.6000000238418579,1.0],"friction":0.975,"name":"Limestone Slab","strength":1.0,"type":5}
{"COL":5,"MESH":15,"col":[1.0,0.8999999761581421,0.6000000238418579,1.0],"friction":0.975,"name":"Limestone Slab","strength":1.0,"type":5}
{"COL":5,"MESH":16,"col":[1.0,0.8999999761581421,0.6000000238418579,1.0],"friction":0.975,"name":"Limestone Stair","strength":1.0,"type":5}
{"COL":5,"MESH":17,"col":[1.0,0.8999999761581421,0.6000000238418579,1.0],"friction":0.975,"name":"Limestone Stair","strength":1.0,"type":5}
{"COL":5,"MESH":18,"col":[1.0,0.8999999761581421,0.6000000238418579,1.0],"friction":0.975,"name":"Limestone Stair","strength":1.0,"type":5}
{"COL":5,"MESH":19,"col":[1.0,0.8999999761581421,0.6000000238418579,1.0],"friction":0.975,"name":"Limestone Stair","strength":1.0,"type":5}
{"COL":5,"MESH":20,"col":[1.0,0.8999999761581421,0.6000000238418579,1.0],"friction":0.975,"name":"Limestone Stair","strength":1.0,"type":5}
{"COL":5,"MESH":21,"col":[1.0,0.8999999761581421,0.6000000238418579,1.0],"friction":0.975,"name":"Limestone Stair","strength":1.0,"type":5}
{"COL":5,"MESH":22,"col":[1.0,0.8999999761581421,0.6000000238418579,1.0],"friction":0.975,"name":"Limestone Stair","strength":1.0,"type":5}
{"COL":5,"MESH":23,"col":[1.0,0.8999999761581421,0.6000000238418579,1.0],"friction":0.975,"name":"Limestone Stair","strength":1.0,"type":5}
{"COL":3,"MESH":0,"col":[0.30000001192092896,0.30000001192092896,0.30000001192092896,1.0],"friction":0.975,"name":"Granite","strength":1.2000000476837158,"type":3}
{"COL":5,"MESH":1,"col":[0.30000001192092896,0.30000001192092896,0.30000001192092896,1.0],"friction":0.975,"name":"Granite Pillar","strength":1.2000000476837158,"type":5}
{"COL":5,"MESH":2,"col":[0.30000001192092896,0.30000001192092896,0.30000001192092896,1.0],"friction":0.975,"name":"Granite Pillar","strength":1.2000000476837158,"type":5}
{"COL":5,"MESH":3,"col":[0.30000001192092896,0.30000001192092896,0.30000001192092896,1.0],"friction":0.975,"name":"Granite Pillar","strength":1.2000000476837158,"type":5}
{"COL":5,"MESH":5,"col":[0.30000001192092896,0.30000001192092896,0.30000001192092896,1.0],"friction":0.975,"name":"Granite Tile","strength":1.2000000476837158,"type":5}
{"COL":5,"MESH":4,"col":[0.30000001192092896,0.30000001192092896,0.30000001192092896,1.0],"friction":0.975,"name":"Granite Tile","strength":1.2000000476837158,"type":5}
{"COL":5,"MESH":6,"col":[0.30000001192092896,0.30000001192092896,0.30000001192092896,1.0],"friction":0.975,"name":"Granite Tile","strength":1.2000000476837158,"type":5}
{"COL":5,"MESH":7,"col":[0.30000001192092896,0.30000001192092896,0.30000001192092896,1.0],"friction":0.975,"name":"Granite Tile","strength":1.2000000476837158,"type":5}
{"COL":5,"MESH":8,"col":[0.30000001192092896,0.30000001192092896,0.30000001192092896,1.0],"friction":0.975,"name":"Granite Tile","strength":1.2000000476837158,"type":5}
{"COL":5,"MESH":9,"col":[0.30000001192092896,0.30000001192092896,0.30000001192092896,1.0],"friction":0.975,"name":"Granite Tile","strength":1.2000000476837158,"type":5}
{"COL":5,"MESH":11,"col":[0.30000001192092896,0.30000001192092896,0.30000001192092896,1.0],"friction":0.975,"name":"Granite Slab","strength":1.2000000476837158,"type":5}
{"COL":5,"MESH":10,"col":[0.30000001192092896,0.30000001192092896,0.30000001192092896,1.0],"friction":0.975,"name":"Granite Slab","strength":1.2000000476837158,"type":5}
{"COL":5,"MESH":12,"col":[0.30000001192092896,0.30000001192092896,0.30000001192092896,1.0],"friction":0.975,"name":"Granite Slab","strength":1.2000000476837158,"type":5}
{"COL":5,"MESH":13,"col":[0.30000001192092896,0.30000001192092896,0.30000001192092896,1.0],"friction":0.975,"name":"Granite Slab","strength":1.2000000476837158,"type":5}
{"COL":5,"MESH":14,"col":[0.30000001192092896,0.30000001192092896,0.30000001192092896,1.0],"friction":0.975,"name":"Granite Slab","strength":1.2000000476837158,"type":5}
{"COL":5,"MESH":15,"col":[0.30000001192092896,0.30000001192092896,0.30000001192092896,1.0],"friction":0.975,"name":"Granite Slab","strength":1.2000000476837158,"type":5}
{"COL":5,"MESH":16,"col":[0.30000001192092896,0.30000001192092896,0.30000001192092896,1.0],"friction":0.975,"name":"Granite Stair","strength":1.2000000476837158,"type":5}
{"COL":5,"MESH":17,"col":[0.30000001192092896,0.30000001192092896,0.30000001192092896,1.0],"friction":0.975,"name":"Granite Stair","strength":1.2000000476837158,"type":5}
{"COL":5,"MESH":18,"col":[0.30000001192092896,0.30000001192092896,0.30000001192092896,1.0],"friction":0.975,"name":"Granite Stair","strength":1.2000000476837158,"type":5}
{"COL":5,"MESH":19,"col":[0.30000001192092896,0.30000001192092896,0.30000001192092896,1.0],"friction":0.975,"name":"Granite Stair","strength":1.2000000476837158,"type":5}
{"COL":5,"MESH":20,"col":[0.30000001192092896,0.30000001192092896,0.30000001192092896,1.0],"friction":0.975,"name":"Granite Stair","strength":1.2000000476837158,"type":5}
{"COL":5,"MESH":21,"col":[0.30000001192092896,0.30000001192092896,0.30000001192092896,1.0],"friction":0.975,"name":"Granite Stair","strength":1.2000000476837158,"type":5}
{"COL":5,"MESH":22,"col":[0.30000001192092896,0.30000001192092896,0.30000001192092896,1.0],"friction":0.975,"name":"Granite Stair","strength":1.2000000476837158,"type":5}
{"COL":5,"MESH":23,"col":[0.30000001192092896,0.30000001192092896,0.30000001192092896,1.0],"friction":0.975,"name":"Granite Stair","strength":1.2000000476837158,"type":5}
{"COL":3,"MESH":0,"col":[0.30000001192092896,0.30000001192092896,0.30000001192092896,1.0],"friction":0.975,"name":"Stone","strength":1.0,"type":3}
{"COL":5,"MESH":1,"col":[0.30000001192092896,0.30000001192092896,0.30000001192092896,1.0],"friction":0.975,"name":"Stone Pillar","strength":1.0,"type":5}
{"COL":5,"MESH":2,"col":[0.30000001192092896,0.30000001192092896,0.30000001192092896,1.0],"friction":0.975,"name":"Stone Pillar","strength":1.0,"type":5}
{"COL":5,"MESH":3,"col":[0.30000001192092896,0.30000001192092896,0.30000001192092896,1.0],"friction":0.975,"name":"Stone Pillar","strength":1.0,"type":5}
{"COL":5,"MESH":5,"col":[0.30000001192092896,0.30000001192092896,0.30000001192092896,1.0],"friction":0.975,"name":"Stone Tile","strength":1.0,"type":5}
{"COL":5,"MESH":4,"col":[0.30000001192092896,0.30000001192092896,0.30000001192092896,1.0],"friction":0.975,"name":"Stone Tile","strength":1.0,"type":5}
{"COL":5,"MESH":6,"col":[0.30000001192092896,0.30000001192092896,0.30000001192092896,1.0],"friction":0.975,"name":"Stone Tile","strength":1.0,"type":5}
{"COL":5,"MESH":7,"col":[0.30000001192092896,0.30000001192092896,0.30000001192092896,1.0],"friction":0.975,"name":"Stone Tile","strength":1.0,"type":5}
{"COL":5,"MESH":8,"col":[0.30000001192092896,0.30000001192092896,0.30000001192092896,1.0],"friction":0.975,"name":"Stone Tile","strength":1.0,"type":5}
{"COL":5,"MESH":9,"col":[0.30000001192092896,0.30000001192092896,0.30000001192092896,1.0],"friction":0.975,"name":"Stone Tile","strength":1.0,"type":5}
{"COL":5,"MESH":11,"col":[0.30000001192092896,0.30000001192092896,0.30000001192092896,1.0],"friction":0.975,"name":"Stone Slab","strength":1.0,"type":5}
{"COL":5,"MESH":10,"col":[0.30000001192092896,0.30000001192092896,0.30000001192092896,1.0],"friction":0.975,"name":"Stone Slab","strength":1.0,"type":5}
{"COL":5,"MESH":12,"col":[0.30000001192092896,0.30000001192092896,0.30000001192092896,1.0],"friction":0.975,"name":"Stone Slab","strength":1.0,"type":5}
{"COL":5,"MESH":13,"col":[0.30000001192092896,0.30000001192092896,0.30000001192092896,1.0],"friction":0.975,"name":"Stone Slab","strength":1.0,"type":5}
{"COL":5,"MESH":14,"col":[0.30000001192092896,0.30000001192092896,0.30000001192092896,1.0],"friction":0.975,"name":"Stone Slab","strength":1.0,"type":5}
{"COL":5,"MESH":15,"col":[0.30000001192092896,0.30000001192092896,0.30000001192092896,1.0],"friction":0.975,"name":"Stone Slab","strength":1.0,"type":5}
{"COL":5,"MESH":16,"col":[0.30000001192092896,0.30000001192092896,0.30000001192092896,1.0],"friction":0.975,"name":"Stone Stair","strength":1.0,"type":5}
{"COL":5,"MESH":17,"col":[0.30000001192092896,0.30000001192092896,0.30000001192092896,1.0],"friction":0.975,"name":"Stone Stair","strength":1.0,"type":5}
{"COL":5,"MESH":18,"col":[0.30000001192092896,0.30000001192092896,0.30000001192092896,1.0],"friction":0.975,"name":"Stone Stair","strength":1.0,"type":5}
{"COL":5,"MESH":19,"col":[0.30000001192092896,0.30000001192092896,0.30000001192092896,1.0],"friction":0.975,"name":"Stone Stair","strength":1.0,"type":5}
{"COL":5,"MESH":20,"col":[0.30000001192092896,0.30000001192092896,0.30000001192092896,1.0],"friction":0.975,"name":"Stone Stair","strength":1.0,"type":5}
{"COL":5,"MESH":21,"col":[0.30000001192092896,0.30000001192092896,0.30000001192092896,1.0],"friction":0.975,"name":"Stone Stair","strength":1.0,"type":5}
{"COL":5,"MESH":22,"col":[0.30000001192092896,0.30000001192092896,0.30000001192092896,1.0],"friction":0.975,"name":"Stone Stair","strength":1.0,"type":5}
{"COL":5,"MESH":23,"col":[0.30000001192092896,0.30000001192092896,0.30000001192092896,1.0],"friction":0.975,"name":"Stone Stair","strength":1.0,"type":5}
{"COL":3,"MESH":0,"col":[0.6000000238418579,0.5,0.20000000298023224,1.0],"friction":0.975,"name":"Adobe","strength":0.8999999761581421,"type":3}
{"COL":5,"MESH":1,"col":[0.6000000238418579,0.5,0.20000000298023224,1.0],"friction":0.975,"name":"Adobe Pillar","strength":0.8999999761581421,"type":5}
{"COL":5,"MESH":2,"col":[0.6000000238418579,0.5,0.20000000298023224,1.0],"friction":0.975,"name":"Adobe Pillar","strength":0.8999999761581421,"type":5}
{"COL":5,"MESH":3,"col":[0.6000000238418579,0.5,0.20000000298023224,1.0],"friction":0.975,"name":"Adobe Pillar","strength":0.8999999761581421,"type":5}
{"COL":5,"MESH":5,"col":[0.6000000238418579,0.5,0.20000000298023224,1.0],"friction":0.975,"name":"Adobe Tile","strength":0.8999999761581421,"type":5}
{"COL":5,"MESH":4,"col":[0.6000000238418579,0.5,0.20000000298023224,1.0],"friction":0.975,"name":"Adobe Tile","strength":0.8999999761581421,"type":5}
{"COL":5,"MESH":6,"col":[0.6000000238418579,0.5,0.20000000298023224,1.0],"friction":0.975,"name":"Adobe Tile","strength":0.8999999761581421,"type":5}
{"COL":5,"MESH":7,"col":[0.6000000238418579,0.5,0.20000000298023224,1.0],"friction":0.975,"name":"Adobe Tile","strength":0.8999999761581421,"type":5}
{"COL":5,"MESH":8,"col":[0.6000000238418579,0.5,0.20000000298023224,1.0],"friction":0.975,"name":"Adobe Tile","strength":0.8999999761581421,"type":5}
{"COL":5,"MESH":9,"col":[0.6000000238418579,0.5,0.20000000298023224,1.0],"friction":0.975,"name":"Adobe Tile","strength":0.8999999761581421,"type":5}
{"COL":5,"MESH":11,"col":[0.6000000238418579,0.5,0.20000000298023224,1.0],"friction":0.975,"name":"Adobe Slab","strength":0.8999999761581421,"type":5}
{"COL":5,"MESH":10,"col":[0.6000000238418579,0.5,0.20000000298023224,1.0],"friction":0.975,"name":"Adobe Slab","strength":0.8999999761581421,"type":5}
{"COL":5,"MESH":12,"col":[0.6000000238418579,0.5,0.20000000298023224,1.0],"friction":0.975,"name":"Adobe Slab","strength":0.8999999761581421,"type":5}
{"COL":5,"MESH":13,"col":[0.6000000238418579,0.5,0.20000000298023224,1.0],"friction":0.975,"name":"Adobe Slab","strength":0.8999999761581421,"type":5}
{"COL":5,"MESH":14,"col":[0.6000000238418579,0.5,0.20000000298023224,1.0],"friction":0.975,"name":"Adobe Slab","strength":0.8999999761581421,"type":5}
{"COL":5,"MESH":15,"col":[0.6000000238418579,0.5,0.20000000298023224,1.0],"friction":0.975,"name":"Adobe Slab","strength":0.8999999761581421,"type":5}
{"COL":5,"MESH":16,"col":[0.6000000238418579,0.5,0.20000000298023224,1.0],"friction":0.975,"name":"Adobe Stair","strength":0.8999999761581421,"type":5}
{"COL":5,"MESH":17,"col":[0.6000000238418579,0.5,0.20000000298023224,1.0],"friction":0.975,"name":"Adobe Stair","strength":0.8999999761581421,"type":5}
{"COL":5,"MESH":18,"col":[0.6000000238418579,0.5,0.20000000298023224,1.0],"friction":0.975,"name":"Adobe Stair","strength":0.8999999761581421,"type":5}
{"COL":5,"MESH":19,"col":[0.6000000238418579,0.5,0.20000000298023224,1.0],"friction":0.975,"name":"Adobe Stair","strength":0.8999999761581421,"type":5}
{"COL":5,"MESH":20,"col":[0.6000000238418579,0.5,0.20000000298023224,1.0],"friction":0.975,"name":"Adobe Stair","strength":0.8999999761581421,"type":5}
{"COL":5,"MESH":21,"col":[0.6000000238418579,0.5,0.20000000298023224,1.0],"friction":0.975,"name":"Adobe Stair","strength":0.8999999761581421,"type":5}
{"COL":5,"MESH":22,"col":[0.6000000238418579,0.5,0.20000000298023224,1.0],"friction":0.975,"name":"Adobe Stair","strength":0.8999999761581421,"type":5}
{"COL":5,"MESH":23,"col":[0.6000000238418579,0.5,0.20000000298023224,1.0],"friction":0.975,"name":"Adobe Stair","strength":0.8999999761581421,"type":5}
{"COL":3,"MESH":0,"col":[0.949999988079071,0.9750000238418579,0.9750000238418579,1.0],"friction":0.975,"name":"Plaster","strength":0.8999999761581421,"type":3}
{"COL":5,"MESH":1,"col":[0.949999988079071,0.9750000238418579,0.9750000238418579,1.0],"friction":0.975,"name":"Plaster Pillar","strength":0.8999999761581421,"type":5}
{"COL":5,"MESH":2,"col":[0.949999988079071,0.9750000238418579,0.9750000238418579,1.0],"friction":0.975,"name":"Plaster Pillar","strength":0.8999999761581421,"type":5}
{"COL":5,"MESH":3,"col":[0.949999988079071,0.9750000238418579,0.9750000238418579,1.0],"friction":0.975,"name":"Plaster Pillar","strength":0.8999999761581421,"type":5}
{"COL":5,"MESH":5,"col":[0.949999988079071,0.9750000238418579,0.9750000238418579,1.0],"friction":0.975,"name":"Plaster Tile","strength":0.8999999761581421,"type":5}
{"COL":5,"MESH":4,"col":[0.949999988079071,0.9750000238418579,0.9750000238418579,1.0],"friction":0.975,"name":"Plaster Tile","strength":0.8999999761581421,"type":5}
{"COL":5,"MESH":6,"col":[0.949999988079071,0.9750000238418579,0.9750000238418579,1.0],"friction":0.975,"name":"Plaster Tile","strength":0.8999999761581421,"type":5}
{"COL":5,"MESH":7,"col":[0.949999988079071,0.9750000238418579,0.9750000238418579,1.0],"friction":0.975,"name":"Plaster Tile","strength":0.8999999761581421,"type":5}
{"COL":5,"MESH":8,"col":[0.949999988079071,0.9750000238418579,0.9750000238418579,1.0],"friction":0.975,"name":"Plaster Tile","strength":0.8999999761581421,"type":5}
{"COL":5,"MESH":9,"col":[0.949999988079071,0.9750000238418579,0.9750000238418579,1.0],"friction":0.975,"name":"Plaster Tile","strength":0.8999999761581421,"type":5}
{"COL":5,"MESH":11,"col":[0.949999988079071,0.9750000238418579,0.9750000238418579,1.0],"friction":0.975,"name":"Plaster Slab","strength":0.8999999761581421,"type":5}
{"COL":5,"MESH":10,"col":[0.949999988079071,0.9750000238418579,0.9750000238418579,1.0],"friction":0.975,"name":"Plaster Slab","strength":0.8999999761581421,"type":5}
{"COL":5,"MESH":12,"col":[0.949999988079071,0.9750000238418579,0.9750000238418579,1.0],"friction":0.975,"name":"Plaster Slab","strength":0.8999999761581421,"type":5}
{"COL":5,"MESH":13,"col":[0.949999988079071,0.9750000238418579,0.9750000238418579,1.0],"friction":0.975,"name":"Plaster Slab","strength":0.8999999761581421,"type":5}
{"COL":5,"MESH":14,"col":[0.949999988079071,0.9750000238418579,0.9750000238418579,1.0],"friction":0.975,"name":"Plaster Slab","strength":0.8999999761581421,"type":5}
{"COL":5,"MESH":15,"col":[0.949999988079071,0.9750000238418579,0.9750000238418579,1.0],"friction":0.975,"name":"Plaster Slab","strength":0.8999999761581421,"type":5}
{"COL":5,"MESH":16,"col":[0.949999988079071,0.9750000238418579,0.9750000238418579,1.0],"friction":0.975,"name":"Plaster Stair","strength":0.8999999761581421,"type":5}
{"COL":5,"MESH":17,"col":[0.949999988079071,0.9750000238418579,0.9750000238418579,1.0],"friction":0.975,"name":"Plaster Stair","strength":0.8999999761581421,"type":5}
{"COL":5,"MESH":18,"col":[0.949999988079071,0.9750000238418579,0.9750000238418579,1.0],"friction":0.975,"name":"Plaster Stair","strength":0.8999999761581421,"type":5}
{"COL":5,"MESH":19,"col":[0.949999988079071,0.9750000238418579,0.9750000238418579,1.0],"friction":0.975,"name":"Plaster Stair","strength":0.8999999761581421,"type":5}
{"COL":5,"MESH":20,"col":[0.949999988079071,0.9750000238418579,0.9750000238418579,1.0],"friction":0.975,"name":"Plaster Stair","strength":0.8999999761581421,"type":5}
{"COL":5,"MESH":21,"col":[0.949999988079071,0.9750000238418579,0.9750000238418579,1.0],"friction":0.975,"name":"Plaster Stair","strength":0.8999999761581421,"type":5}
{"COL":5,"MESH":22,"col":[0.949999988079071,0.9750000238418579,0.9750000238418579,1.0],"friction":0.975,"name":"Plaster Stair","strength":0.8999999761581421,"type":5}
{"COL":5,"MESH":23,"col":[0.949999988079071,0.9750000238418579,0.9750000238418579,1.0],"friction":0.975,"name":"Plaster Stair","strength":0.8999999761581421,"type":5}
{"COL":3,"MESH":0,"col":[0.30000001192092896,0.30000001192092896,0.30000001192092896,1.0],"friction":0.975,"name":"Cobblestone","strength":1.0,"type":3}
{"COL":5,"MESH":1,"col":[0.30000001192092896,0.30000001192092896,0.30000001192092896,1.0],"friction":0.975,"name":"Cobblestone Pillar","strength":1.0,"type":5}
{"COL":5,"MESH":2,"col":[0.30000001192092896,0.30000001192092896,0.30000001192092896,1.0],"friction":0.975,"name":"Cobblestone Pillar","strength":1.0,"type":5}
{"COL":5,"MESH":3,"col":[0.30000001192092896,0.30000001192092896,0.30000001192092896,1.0],"friction":0.975,"name":"Cobblestone Pillar","strength":1.0,"type":5}
{"COL":5,"MESH":5,"col":[0.30000001192092896,0.30000001192092896,0.30000001192092896,1.0],"friction":0.975,"name":"Cobblestone Tile","strength":1.0,"type":5}
{"COL":5,"MESH":4,"col":[0.30000001192092896,0.30000001192092896,0.30000001192092896,1.0],"friction":0.975,"name":"Cobblestone Tile","strength":1.0,"type":5}
{"COL":5,"MESH":6,"col":[0.30000001192092896,0.30000001192092896,0.30000001192092896,1.0],"friction":0.975,"name":"Cobblestone Tile","strength":1.0,"type":5}
{"COL":5,"MESH":7,"col":[0.30000001192092896,0.30000001192092896,0.30000001192092896,1.0],"friction":0.975,"name":"Cobblestone Tile","strength":1.0,"type":5}
{"COL":5,"MESH":8,"col":[0.30000001192092896,0.30000001192092896,0.30000001192092896,1.0],"friction":0.975,"name":"Cobblestone Tile","strength":1.0,"type":5}
{"COL":5,"MESH":9,"col":[0.30000001192092896,0.30000001192092896,0.30000001192092896,1.0],"friction":0.975,"name":"Cobblestone Tile","strength":1.0,"type":5}
{"COL":5,"MESH":11,"col":[0.30000001192092896,0.30000001192092896,0.30000001192092896,1.0],"friction":0.975,"name":"Cobblestone Slab","strength":1.0,"type":5}
{"COL":5,"MESH":10,"col":[0.30000001192092896,0.30000001192092896,0.30000001192092896,1.0],"friction":0.975,"name":"Cobblestone Slab","strength":1.0,"type":5}
{"COL":5,"MESH":12,"col":[0.30000001192092896,0.30000001192092896,0.30000001192092896,1.0],"friction":0.975,"name":"Cobblestone Slab","strength":1.0,"type":5}
{"COL":5,"MESH":13,"col":[0.30000001192092896,0.30000001192092896,0.30000001192092896,1.0],"friction":0.975,"name":"Cobblestone Slab","strength":1.0,"type":5}
{"COL":5,"MESH":14,"col":[0.30000001192092896,0.30000001192092896,0.30000001192092896,1.0],"friction":0.975,"name":"Cobblestone Slab","strength":1.0,"type":5}
{"COL":5,"MESH":15,"col":[0.30000001192092896,0.30000001192092896,0.30000001192092896,1.0],"friction":0.975,"name":"Cobblestone Slab","strength":1.0,"type":5}
{"COL":5,"MESH":16,"col":[0.30000001192092896,0.30000001192092896,0.30000001192092896,1.0],"friction":0.975,"name":"Cobblestone Stair","strength":1.0,"type":5}
{"COL":5,"MESH":17,"col":[0.30000001192092896,0.30000001192092896,0.30000001192092896,1.0],"friction":0.975,"name":"Cobblestone Stair","strength":1.0,"type":5}
{"COL":5,"MESH":18,"col":[0.30000001192092896,0.30000001192092896,0.30000001192092896,1.0],"friction":0.975,"name":"Cobblestone Stair","strength":1.0,"type":5}
{"COL":5,"MESH":19,"col":[0.30000001192092896,0.30000001192092896,0.30000001192092896,1.0],"friction":0.975,"name":"Cobblestone Stair","strength":1.0,"type":5}
{"COL":5,"MESH":20,"col":[0.30000001192092896,0.30000001192092896,0.30000001192092896,1.0],"friction":0.975,"name":"Cobblestone Stair","strength":1.0,"type":5}
{"COL":5,"MESH":21,"col":[0.30000001192092896,0.30000001192092896,0.30000001192092896,1.0],"friction":0.975,"name":"Cobblestone Stair","strength":1.0,"type":5}
{"COL":5,"MESH":22,"col":[0.30000001192092896,0.30000001192092896,0.30000001192092896,1.0],"friction":0.975,"name":"Cobblestone Stair","strength":1.0,"type":5}
{"COL":5,"MESH":23,"col":[0.30000001192092896,0.30000001192092896,0.30000001192092896,1.0],"friction":0.975,"name":"Cobblestone Stair","strength":1.0,"type":5}
{"COL":3,"MESH":0,"col":[0.3499999940395355,0.3499999940395355,0.3499999940395355,1.0],"friction":0.975,"name":"Stone Brick","strength":1.0,"type":3}
{"COL":5,"MESH":1,"col":[0.3499999940395355,0.3499999940395355,0.3499999940395355,1.0],"friction":0.975,"name":"Stone Brick Pillar","strength":1.0,"type":5}
{"COL":5,"MESH":2,"col":[0.3499999940395355,0.3499999940395355,0.3499999940395355,1.0],"friction":0.975,"name":"Stone Brick Pillar","strength":1.0,"type":5}
{"COL":5,"MESH":3,"col":[0.3499999940395355,0.3499999940395355,0.3499999940395355,1.0],"friction":0.975,"name":"Stone Brick Pillar","strength":1.0,"type":5}
{"COL":5,"MESH":5,"col":[0.3499999940395355,0.3499999940395355,0.3499999940395355,1.0],"friction":0.975,"name":"Stone Brick Tile","strength":1.0,"type":5}
{"COL":5,"MESH":4,"col":[0.3499999940395355,0.3499999940395355,0.3499999940395355,1.0],"friction":0.975,"name":"Stone Brick Tile","strength":1.0,"type":5}
{"COL":5,"MESH":6,"col":[0.3499999940395355,0.3499999940395355,0.3499999940395355,1.0],"friction":0.975,"name":"Stone Brick Tile","strength":1.0,"type":5}
{"COL":5,"MESH":7,"col":[0.3499999940395355,0.3499999940395355,0.3499999940395355,1.0],"friction":0.975,"name":"Stone Brick Tile","strength":1.0,"type":5}
{"COL":5,"MESH":8,"col":[0.3499999940395355,0.3499999940395355,0.3499999940395355,1.0],"friction":0.975,"name":"Stone Brick Tile","strength":1.0,"type":5}
{"COL":5,"MESH":9,"col":[0.3499999940395355,0.3499999940395355,0.3499999940395355,1.0],"friction":0.975,"name":"Stone Brick Tile","strength":1.0,"type":5}
{"COL":5,"MESH":11,"col":[0.3499999940395355,0.3499999940395355,0.3499999940395355,1.0],"friction":0.975,"name":"Stone Brick Slab","strength":1.0,"type":5}
{"COL":5,"MESH":10,"col":[0.3499999940395355,0.3499999940395355,0.3499999940395355,1.0],"friction":0.975,"name":"Stone Brick Slab","strength":1.0,"type":5}
{"COL":5,"MESH":12,"col":[0.3499999940395355,0.3499999940395355,0.3499999940395355,1.0],"friction":0.975,"name":"Stone Brick Slab","strength":1.0,"type":5}
{"COL":5,"MESH":13,"col":[0.3499999940395355,0.3499999940395355,0.3499999940395355,1.0],"friction":0.975,"name":"Stone Brick Slab","strength":1.0,"type":5}
{"COL":5,"MESH":14,"col":[0.3499999940395355,0.3499999940395355,0.3499999940395355,1.0],"friction":0.975,"name":"Stone Brick Slab","strength":1.0,"type":5}
{"COL":5,"MESH":15,"col":[0.3499999940395355,0.3499999940395355,0.3499999940395355,1.0],"friction":0.975,"name":"Stone Brick Slab","strength":1.0,"type":5}
{"COL":5,"MESH":16,"col":[0.3499999940395355,0.3499999940395355,0.3499999940395355,1.0],"friction":0.975,"name":"Stone Brick Stair","strength":1.0,"type":5}
{"COL":5,"MESH":17,"col":[0.3499999940395355,0.3499999940395355,0.3499999940395355,1.0],"friction":0.975,"name":"Stone Brick Stair","strength":1.0,"type":5}
{"COL":5,"MESH":18,"col":[0.3499999940395355,0.3499999940395355,0.3499999940395355,1.0],"friction":0.975,"name":"Stone Brick Stair","strength":1.0,"type":5}
{"COL":5,"MESH":19,"col":[0.3499999940395355,0.3499999940395355,0.3499999940395355,1.0],"friction":0.975,"name":"Stone Brick Stair","strength":1.0,"type":5}
{"COL":5,"MESH":20,"col":[0.3499999940395355,0.3499999940395355,0.3499999940395355,1.0],"friction":0.975,"name":"Stone Brick Stair","strength":1.0,"type":5}
{"COL":5,"MESH":21,"col":[0.3499999940395355,0.3499999940395355,0.3499999940395355,1.0],"friction":0.975,"name":"Stone Brick Stair","strength":1.0,"type":5}
{"COL":5,"MESH":22,"col":[0.3499999940395355,0.3499999940395355,0.3499999940395355,1.0],"friction":0.975,"name":"Stone Brick Stair","strength":1.0,"type":5}
{"COL":5,"MESH":23,"col":[0.3499999940395355,0.3499999940395355,0.3499999940395355,1.0],"friction":0.975,"name":"Stone Brick Stair","strength":1.0,"type":5}
{"COL":6,"MESH":0,"col":[0.5,0.8999999761581421,1.0,0.20000000298023224],"friction":0.975,"name":"Glass","strength":0.5,"type":4}
{"COL":3,"MESH":0,"col":[0.10000000149011612,0.10000000149011612,0.10000000149011612,1.0],"friction":0.975,"name":"Coal","strength":2.799999952316284,"type":3}
{"COL":3,"MESH":0,"col":[0.4000000059604645,0.30000001192092896,0.30000001192092896,1.0],"friction":0.975,"name":"Iron Ore","strength":3.0,"type":3}
{"COL":3,"MESH":0,"col":[0.4000000059604645,0.42500001192092896,0.44999998807907104,1.0],"friction":0.975,"name":"Platinum Ore","strength":3.799999952316284,"type":3}
{"COL":3,"MESH":0,"col":[0.30000001192092896,0.4000000059604645,0.5,1.0],"friction":0.975,"name":"Mythril Ore","strength":4.0,"type":3}
{"COL":3,"MESH":0,"col":[0.6000000238418579,0.4000000059604645,0.30000001192092896,1.0],"friction":0.975,"name":"Gold Ore","strength":3.5999999046325684,"type":3}
{"COL":3,"MESH":0,"col":[0.699999988079071,0.75,0.699999988079071,1.0],"friction":0.975,"name":"Lead Ore","strength":3.0,"type":3}
{"COL":3,"MESH":0,"col":[0.4000000059604645,0.4000000059604645,0.30000001192092896,1.0],"friction":0.975,"name":"Tin Ore","strength":3.5,"type":3}
{"COL":3,"MESH":0,"col":[0.30000001192092896,0.4000000059604645,0.30000001192092896,1.0],"friction":0.975,"name":"Copper Ore","strength":3.200000047683716,"type":3}
{"COL":3,"MESH":0,"col":[0.30000001192092896,0.30000001192092896,0.4000000059604645,1.0],"friction":0.975,"name":"Silver Ore","strength":3.4000000953674316,"type":3}
{"COL":3,"MESH":0,"col":[0.6499999761581421,0.6000000238418579,0.6000000238418579,1.0],"friction":0.975,"name":"Iron Block","strength":1.0,"type":3}
{"COL":3,"MESH":0,"col":[0.699999988079071,0.699999988079071,0.699999988079071,1.0],"friction":0.975,"name":"Steel Block","strength":1.2000000476837158,"type":3}
{"COL":3,"MESH":0,"col":[0.800000011920929,0.800000011920929,0.800000011920929,1.0],"friction":0.975,"name":"Platinum Block","strength":1.0,"type":3}
{"COL":3,"MESH":0,"col":[0.8500000238418579,0.8500000238418579,1.0,1.0],"friction":0.975,"name":"Mythril Block","strength":1.5,"type":3}
{"COL":3,"MESH":0,"col":[1.0,0.800000011920929,0.0,1.0],"friction":0.975,"name":"Gold Block","strength":0.5,"type":3}
{"COL":3,"MESH":0,"col":[0.20000000298023224,0.25,0.20000000298023224,1.0],"friction":0.975,"name":"Lead Block","strength":0.5,"type":3}
{"COL":3,"MESH":0,"col":[0.949999988079071,0.8999999761581421,0.8999999761581421,1.0],"friction":0.975,"name":"Tin Block","strength":0.6000000238418579,"type":3}
{"COL":3,"MESH":0,"col":[0.75,0.3499999940395355,0.0,1.0],"friction":0.975,"name":"Copper Block","strength":0.6000000238418579,"type":3}
{"COL":3,"MESH":0,"col":[0.75,0.75,0.75,1.0],"friction":0.975,"name":"Silver Block","strength":0.699999988079071,"type":3}
{"COL":3,"MESH":0,"col":[0.6000000238418579,0.30000001192092896,0.10000000149011612,1.0],"friction":0.975,"name":"Dirt","strength":0.5,"type":3}
{"COL":3,"MESH":0,"col":[0.550000011920929,0.32499998807907104,0.15000000596046448,1.0],"friction":0.975,"name":"Wet Dirt","strength":0.5,"type":3}
{"COL":3,"MESH":0,"col":[0.5,0.25,0.15000000596046448,1.0],"friction":0.975,"name":"Rich Dirt","strength":0.5,"type":3}
{"COL":3,"MESH":0,"col":[0.44999998807907104,0.22499999403953552,0.10000000149011612,1.0],"friction":0.975,"name":"Peat Dirt","strength":0.5,"type":3}
{"COL":3,"MESH":0,"col":[0.4000000059604645,0.20000000298023224,0.10000000149011612,1.0],"friction":0.975,"name":"Black Dirt","strength":0.5,"type":3}
{"COL":3,"MESH":0,"col":[0.6000000238418579,0.30000001192092896,0.10000000149011612,1.0],"friction":0.975,"name":"Clay Dirt","strength":0.5,"type":3}
{"COL":3,"MESH":0,"col":[0.550000011920929,0.30000001192092896,0.17499999701976776,1.0],"friction":0.975,"name":"Frosted Dirt","strength":0.5,"type":3}
{"COL":3,"MESH":0,"col":[0.5,0.3499999940395355,0.20000000298023224,1.0],"friction":0.975,"name":"Mud","strength":0.5,"type":3}
{"COL":3,"MESH":0,"col":[0.4000000059604645,0.20000000298023224,0.15000000596046448,1.0],"friction":0.975,"name":"Soil","strength":0.5,"type":3}
{"COL":3,"MESH":0,"col":[0.30000001192092896,0.15000000596046448,0.10000000149011612,1.0],"friction":0.975,"name":"Peat","strength":0.5,"type":3}
{"COL":3,"MESH":0,"col":[0.20000000298023224,0.10000000149011612,0.10000000149011612,1.0],"friction":0.975,"name":"Black Earth","strength":0.5,"type":3}
{"COL":3,"MESH":0,"col":[0.3499999940395355,0.30000001192092896,0.44999998807907104,1.0],"friction":0.975,"name":"Clay","strength":0.5,"type":3}
{"COL":3,"MESH":0,"col":[0.5,0.30000001192092896,0.25,1.0],"friction":0.975,"name":"Permafrost","strength":0.5,"type":3}
{"COL":5,"MESH":25,"col":[0.4000000059604645,0.20000000298023224,0.10000000149011612,1.0],"friction":0.975,"name":"Dirt Path","strength":0.5,"type":5}
{"COL":5,"MESH":25,"col":[0.4000000059604645,0.4000000059604645,0.4000000059604645,1.0],"friction":0.975,"name":"Gravel Path","strength":0.5,"type":5}
{"COL":5,"MESH":25,"col":[0.5,0.5,0.5,1.0],"friction":0.975,"name":"Brick Path","strength":0.5,"type":5}
{"COL":3,"MESH":0,"col":[0.9750000238418579,0.949999988079071,0.925000011920929,1.0],"friction":0.975,"name":"Birch Wood","strength":0.699999988079071,"type":3}
{"COL":3,"MESH":0,"col":[0.41999998688697815,0.36000001430511475,0.23999999463558197,1.0],"friction":0.975,"name":"Palm Wood","strength":0.699999988079071,"type":3}
{"COL":3,"MESH":0,"col":[0.4000000059604645,0.2750000059604645,0.20000000298023224,1.0],"friction":0.975,"name":"Oak Wood","strength":0.800000011920929,"type":3}
{"COL":3,"MESH":0,"col":[0.3499999940395355,0.25,0.15000000596046448,1.0],"friction":0.975,"name":"Pine Wood","strength":0.699999988079071,"type":3}
{"COL":3,"MESH":0,"col":[0.32499998807907104,0.22499999403953552,0.125,1.0],"friction":0.975,"name":"Fir Wood","strength":0.699999988079071,"type":3}
{"COL":3,"MESH":0,"col":[0.375,0.22499999403953552,0.15000000596046448,1.0],"friction":0.975,"name":"Cherry Wood","strength":0.800000011920929,"type":3}
{"COL":3,"MESH":0,"col":[0.3499999940395355,0.2750000059604645,0.11699999868869781,1.0],"friction":0.975,"name":"Citrus Wood","strength":0.699999988079071,"type":3}
{"COL":3,"MESH":0,"col":[0.41999998688697815,0.23999999463558197,0.1599999964237213,1.0],"friction":0.975,"name":"Apple Wood","strength":0.699999988079071,"type":3}
{"COL":3,"MESH":0,"col":[0.4000000059604645,0.20000000298023224,0.10000000149011612,1.0],"friction":0.975,"name":"Maple Wood","strength":0.800000011920929,"type":3}
{"COL":3,"MESH":0,"col":[0.20000000298023224,0.15000000596046448,0.05000000074505806,1.0],"friction":0.975,"name":"Ent Wood","strength":1.0,"type":3}
{"COL":3,"MESH":0,"col":[0.41999998688697815,0.41999998688697815,0.15000000596046448,1.0],"friction":0.975,"name":"Birch Leaves","strength":0.5,"type":3}
{"COL":3,"MESH":0,"col":[0.8399999737739563,0.6000000238418579,0.0,1.0],"friction":0.975,"name":"Cold Birch Leaves","strength":0.5,"type":3}
{"COL":3,"MESH":0,"col":[0.20000000298023224,0.4000000059604645,0.10000000149011612,1.0],"friction":0.975,"name":"Palm Leaves","strength":0.5,"type":3}
{"COL":3,"MESH":0,"col":[0.10000000149011612,0.20000000298023224,0.0,1.0],"friction":0.975,"name":"Oak Leaves","strength":0.5,"type":3}
{"COL":3,"MESH":0,"col":[0.0,0.30000001192092896,0.20000000298023224,1.0],"friction":0.975,"name":"Pine Leaves","strength":0.5,"type":3}
{"COL":3,"MESH":0,"col":[0.05000000074505806,0.25,0.17499999701976776,1.0],"friction":0.975,"name":"Fir Leaves","strength":0.5,"type":3}
{"COL":3,"MESH":0,"col":[1.0,0.5,0.5,1.0],"friction":0.975,"name":"Cherry Leaves","strength":0.5,"type":3}
{"COL":3,"MESH":0,"col":[0.20000000298023224,0.4000000059604645,0.10000000149011612,1.0],"friction":0.975,"name":"Citrus Leaves","strength":0.5,"type":3}
{"COL":3,"MESH":0,"col":[0.20000000298023224,0.3499999940395355,0.05000000074505806,1.0],"friction":0.975,"name":"Apple Leaves","strength":0.5,"type":3}
{"COL":3,"MESH":0,"col":[0.30000001192092896,0.4000000059604645,0.15000000596046448,1.0],"friction":0.975,"name":"Maple Leaves","strength":0.5,"type":3}
{"COL":3,"MESH":0,"col":[0.6000000238418579,0.25,0.10000000149011612,1.0],"friction":0.975,"name":"Cold Maple Leaves","strength":0.5,"type":3}
{"COL":3,"MESH":0,"col":[0.15000000596046448,0.30000001192092896,0.10000000149011612,1.0],"friction":0.975,"name":"Ent Leaves","strength":0.5,"type":3}
{"COL":3,"MESH":0,"col":[0.0,0.5,0.10000000149011612,1.0],"friction":0.975,"name":"Wet Grass","strength":0.5,"type":3}
{"COL":3,"MESH":0,"col":[0.10000000149011612,0.5,0.10000000149011612,1.0],"friction":0.975,"name":"Grass","strength":0.5,"type":3}
{"COL":3,"MESH":0,"col":[0.20000000298023224,0.5,0.10000000149011612,1.0],"friction":0.975,"name":"Dry Grass","strength":0.5,"type":3}
{"COL":3,"MESH":0,"col":[0.30000001192092896,0.5,0.10000000149011612,1.0],"friction":0.975,"name":"Dried Grass","strength":0.5,"type":3}
{"COL":3,"MESH":0,"col":[0.4000000059604645,0.5,0.10000000149011612,1.0],"friction":0.975,"name":"Arid Grass","strength":0.5,"type":3}
{"COL":3,"MESH":0,"col":[0.5,0.5,0.10000000149011612,1.0],"friction":0.975,"name":"Wilting Grass","strength":0.5,"type":3}
{"COL":3,"MESH":0,"col":[0.6000000238418579,0.5,0.10000000149011612,1.0],"friction":0.975,"name":"Wilted Grass","strength":0.5,"type":3}
{"COL":3,"MESH":0,"col":[0.699999988079071,0.5,0.10000000149011612,1.0],"friction":0.975,"name":"Dying Grass","strength":0.5,"type":3}
{"COL":3,"MESH":0,"col":[0.800000011920929,0.5,0.10000000149011612,1.0],"friction":0.975,"name":"Dead Grass","strength":0.5,"type":3}
{"COL":3,"MESH":0,"col":[0.0,0.0,0.0,1.0],"friction":0.975,"name":"Black","strength":0.5,"type":3}
{"COL":3,"MESH":0,"col":[0.25,0.25,0.25,1.0],"friction":0.975,"name":"Dark Grey","strength":0.5,"type":3}
{"COL":3,"MESH":0,"col":[0.5,0.5,0.5,1.0],"friction":0.975,"name":"Grey","strength":0.5,"type":3}
{"COL":3,"MESH":0,"col":[0.75,0.75,0.75,1.0],"friction":0.975,"name":"Light Grey","strength":0.5,"type":3}
{"COL":3,"MESH":0,"col":[1.0,1.0,1.0,1.0],"friction":0.975,"name":"White","strength":0.5,"type":3}
{"COL":3,"MESH":0,"col":[1.0,1.0,0.0,1.0],"friction":0.975,"name":"Yellow","strength":0.5,"type":3}
{"COL":3,"MESH":0,"col":[0.5,1.0,0.0,1.0],"friction":0.975,"name":"Lime","strength":0.5,"type":3}
{"COL":3,"MESH":0,"col":[0.0,0.75,0.0,1.0],"friction":0.975,"name":"Green","strength":0.5,"type":3}
{"COL":3,"MESH":0,"col":[0.0,0.5,0.25,1.0],"friction":0.975,"name":"Forest Green","strength":0.5,"type":3}
{"COL":3,"MESH":0,"col":[0.0,0.25,0.5,1.0],"friction":0.975,"name":"Turquise","strength":0.5,"type":3}
{"COL":3,"MESH":0,"col":[0.0,0.0,0.75,1.0],"friction":0.975,"name":"Blue","strength":0.5,"type":3}
{"COL":3,"MESH":0,"col":[0.25,0.0,0.5,1.0],"friction":0.975,"name":"Violet","strength":0.5,"type":3}
{"COL":3,"MESH":0,"col":[0.5,0.0,0.5,1.0],"friction":0.975,"name":"Purple","strength":0.5,"type":3}
{"COL":3,"MESH":0,"col":[0.5,0.0,0.25,1.0],"friction":0.975,"name":"Fuschia","strength":0.5,"type":3}
{"COL":3,"MESH":0,"col":[0.75,0.0,0.25,1.0],"friction":0.975,"name":"Rose","strength":0.5,"type":3}
{"COL":3,"MESH":0,"col":[1.0,0.25,0.25,1.0],"friction":0.975,"name":"Pink","strength":0.5,"type":3}
{"COL":3,"MESH":0,"col":[0.75,0.0,0.0,1.0],"friction":0.975,"name":"Red","strength":0.5,"type":3}
{"COL":3,"MESH":0,"col":[1.0,0.25,0.0,1.0],"friction":0.975,"name":"Tangerine","strength":0.5,"type":3}
{"COL":3,"MESH":0,"col":[1.0,0.5,0.0,1.0],"friction":0.975,"name":"Orange","strength":0.5,"type":3}
{"COL":3,"MESH":0,"col":[1.0,0.75,0.0,1.0],"friction":0.975,"name":"Amber","strength":0.5,"type":3}
{"COL":2,"MESH":0,"col":[0.05000000074505806,0.05000000074505806,0.05000000074505806,1.0],"friction":0.975,"name":"Anvil","strength":0.5,"type":2}
{"COL":2,"MESH":0,"col":[0.6000000238418579,0.4000000059604645,0.20000000298023224,1.0],"friction":0.975,"name":"Chest","strength":0.5,"type":2}
{"COL":2,"MESH":0,"col":[0.6000000238418579,0.4000000059604645,0.20000000298023224,1.0],"friction":0.975,"name":"Lathe","strength":0.5,"type":2}
{"COL":2,"MESH":0,"col":[0.6499999761581421,0.44999998807907104,0.25,1.0],"friction":0.975,"name":"Workbench","strength":0.5,"type":2}
{"COL":2,"MESH":0,"col":[0.30000001192092896,0.30000001192092896,0.30000001192092896,1.0],"friction":0.975,"name":"Furnace","strength":0.5,"type":2}
{"COL":2,"MESH":0,"col":[0.20000000298023224,0.20000000298023224,0.20000000298023224,1.0],"friction":0.975,"name":"Conveyor","strength":0.5,"type":2}
{"COL":2,"MESH":0,"col":[0.4000000059604645,0.4000000059604645,0.4000000059604645,1.0],"friction":0.975,"name":"Piston","strength":0.5,"type":2}
{"COL":2,"MESH":0,"col":[1.0,0.8999999761581421,0.4000000059604645,1.0],"friction":0.8999999761581421,"name":"Lamp","strength":0.5,"type":2}
{"COL":3,"MESH":0,"col":[0.20000000298023224,0.20000000298023224,0.20000000298023224,1.0],"friction":0.975,"name":"Bedrock","strength":8.0,"type":3}
